{
  "min_edge": 3.3864006358100323,
  "kelly_fraction": 0.14675121915739575
}