{
  "min_edge": 0.05071958353374754,
  "kelly_fraction": 2.62265704413499,
  "min_odds": -169,
  "max_odds": 159
}