{
  "min_edge": 0.15353548348130583,
  "kelly_fraction": 0.9995531821127781,
  "min_odds_limit": -260,
  "max_odds_limit": 144,
  "bets": 21,
  "profit": 0.9245634283771285,
  "roi": 0.044026829922720404
}