{"min_edge": 0.048590953581381865, "kelly_fraction": 0.4977488670696905, "min_odds": -924, "max_odds": 958}