{
  "min_edge": 3.673174941742764,
  "kelly_fraction": 0.1562527795501732
}