{
    "spread": {
        "min_edge": 0.9907223381976484,
        "max_units": 4.99967136661783,
        "kelly_fraction": 0.24896011514987426
    },
    "total": {
        "min_edge": 4.822434901921304,
        "max_units": 4.843794210673153,
        "kelly_fraction": 0.2104002300048228
    },
    "moneyline": {
        "min_edge": 0.0003800702116052469,
        "max_units": 2.993316580574826,
        "kelly_fraction": 0.1200310672813508
    }
}