{
  "spread": {
    "min_edge": 4.796297847602987,
    "kelly_fraction": 0.19836688124897045,
    "max_units": 2.9921233459820904,
    "bets": 17,
    "profit": 23.393317955891774,
    "roi": 1.3760775268171632
  },
  "total": {
    "min_edge": 4.863312524041029,
    "kelly_fraction": 0.21667657287341666,
    "max_units": 2.9031856302658245,
    "bets": 15,
    "profit": 11.876932413417492,
    "roi": 0.7917954942278328
  },
  "moneyline": {
    "min_edge": 0.15457960785533761,
    "kelly_fraction": 1.4734270807709526,
    "max_units": 2.4994925930795024,
    "min_odds": -235,
    "max_odds": 158,
    "bets": 21,
    "profit": 1.362885754994867,
    "roi": 0.06489932166642223
  }
}